,Rd,Tt,g,ma,ms,thickness,dms,c0,c1,r2,abs,c0_tt,c1_tt,r2_tt
0,0.254565296875,0.7181461875,0.9,0.01,50,0.16,4.999999999999999,-3.7150303951172416,0.36735414317025955,0.9975106755631014,-6.437751649736401,-3.5487493182653487,0.27924548981106,0.9933319597651756
1,0.306223375,0.6655379375,0.9,0.01,50,0.2,4.999999999999999,-3.3089473183410743,0.3631092274472409,0.999375336905145,-6.214608098422191,-3.305582455642346,0.3679162840680316,0.997041408139776
2,0.409926125,0.5593376875,0.9,0.01,50,0.3,4.999999999999999,-2.70275214588146,0.3247294178833332,0.9987309227839722,-5.809142990314028,-2.719864981748624,0.3487820036714796,0.9978818135947948
3,0.42816365625,0.544026,0.9,0.01,100,0.16,9.999999999999998,-4.944279371271197,0.8105399658724285,0.9972422853709513,-6.437751649736401,-5.010255944077903,0.8363312849124477,0.992690341130932
4,0.4893218125,0.481835875,0.9,0.01,100,0.2,9.999999999999998,-4.426473044303611,0.7826062992542167,0.999307027177005,-6.214608098422191,-4.303164550314288,0.7113352794663316,0.9968325033931296
5,0.5936766875,0.3749391875,0.9,0.01,100,0.3,9.999999999999998,-3.536270197026679,0.6525188238188676,0.9984470779326905,-5.809142990314028,-3.358547628394634,0.5328310682629371,0.9983215642951572
6,0.478402375,0.49366209375,0.9,0.01,120,0.16,11.999999999999996,-5.2392696510840295,0.8761342288371872,0.9975589607498183,-6.437751649736401,-5.159945697995824,0.8152663057233405,0.9926089099882864
7,0.5384165625,0.43263678125,0.9,0.01,120,0.2,11.999999999999996,-4.741373115065822,0.8536566392367292,0.998884697717221,-6.214608098422191,-4.5810147881061845,0.7695760810763781,0.9953593516445389
8,0.6378825625,0.33060709375,0.9,0.01,120,0.3,11.999999999999996,-3.767300389938751,0.7064269913477768,0.9984343430320503,-5.809142990314028,-3.577460728151256,0.5794193141068209,0.9977919451672603
9,0.585801375,0.38608315625,0.9,0.01,180,0.16,17.999999999999996,-6.22678275253915,1.0711099495279124,0.9813698403638123,-6.437751649736401,-6.1996909315001725,1.052916423040983,0.9880636141927132
10,0.6386315625,0.33222090625,0.9,0.01,180,0.2,17.999999999999996,-5.2786770711913205,0.9131182955835582,0.9963850566493555,-6.214608098422191,-5.175730326936093,0.8426294788759695,0.9932670839624316
11,0.723973,0.244341390625,0.9,0.01,180,0.3,17.999999999999996,-4.145907898406602,0.7369580476063295,0.9968932451351,-5.809142990314028,-3.8232539334759066,0.5208648686262063,0.9975649009651375
12,0.6128309375,0.3590163125,0.9,0.01,200,0.16,19.999999999999996,-6.551136959383482,1.1477216480365122,0.9908443942501488,-6.437751649736401,-6.310092094418072,1.026441005206866,0.9830884921694043
13,0.6639685,0.3068530625,0.9,0.01,200,0.2,19.999999999999996,-5.481558747655836,0.9456929770504716,0.9971432533470305,-6.214608098422191,-5.433295944220496,0.9097055083291635,0.9934946526075865
14,0.74431425,0.22395228125,0.9,0.01,200,0.3,19.999999999999996,-4.25934942937583,0.7437622477902119,0.9975444209388069,-5.809142990314028,-3.9606096585932145,0.537620765409518,0.9953989496395145
15,0.24597734375,0.7010731875,0.9,0.1,50,0.16,4.999999999999999,-3.7289321684512857,0.34836999567449817,0.9975209706123398,-4.135166556742356,-3.6661901301059094,0.3069710289828923,0.9968239927979756
16,0.29383425,0.644143,0.9,0.1,50,0.2,4.999999999999999,-3.364768717441936,0.3586575148675604,0.9990815838170151,-3.912023005428146,-3.395294787405184,0.3729343611560748,0.9974044733016043
17,0.38708453125,0.5277916875,0.9,0.1,50,0.3,4.999999999999999,-2.7840018140366514,0.3251938796583079,0.9990368415941994,-3.506557897319982,-2.8063397471107727,0.3514538595969904,0.9983877708761799
18,0.41598853125,0.526047625,0.9,0.1,100,0.16,9.999999999999998,-5.021091509461308,0.8127620263936701,0.9980173808853198,-4.135166556742356,-4.912452247539841,0.7524969138694128,0.9956940200440562
19,0.4711726875,0.46121740625,0.9,0.1,100,0.2,9.999999999999998,-4.509914808573054,0.7793718351080565,0.9989819459127641,-3.912023005428146,-4.336866357323269,0.6880008467012549,0.9972811440644743
20,0.562831625,0.34620503125,0.9,0.1,100,0.3,9.999999999999998,-3.6304202062244872,0.6475909037087455,0.998238699909374,-3.506557897319982,-3.433713689282301,0.5171257899449299,0.9982179260265351
21,0.4643975,0.4766335,0.9,0.1,120,0.16,11.999999999999996,-5.381574275266746,0.8975428560747682,0.9980371287608778,-4.135166556742356,-5.395072376771027,0.8938488798873658,0.9878534455629214
22,0.51896425,0.4124043125,0.9,0.1,120,0.2,11.999999999999996,-4.809712583903013,0.8458952396181695,0.9986245443032669,-3.912023005428146,-4.616515883867999,0.7430305395718231,0.9964911131486509
23,0.604295625,0.3039610625,0.9,0.1,120,0.3,11.999999999999996,-3.872639715520036,0.7043548939154697,0.9987181402765075,-3.506557897319982,-3.5828665373321145,0.5218131571618102,0.9969967457462016
24,0.568062875,0.37125559375,0.9,0.1,180,0.16,17.999999999999996,-6.235932341754907,1.0318832691363646,0.9976204758633969,-4.135166556742356,-6.136571715917029,0.9779560285319617,0.97725893284037
25,0.61682225,0.31289503125,0.9,0.1,180,0.2,17.999999999999996,-5.357504453829714,0.9042528518175419,0.997777908259064,-3.912023005428146,-5.415920900985833,0.9102900162574153,0.9919355419971406
26,0.688534,0.218799875,0.9,0.1,180,0.3,17.999999999999996,-4.333735588352431,0.7492838830222976,0.9981157309925077,-3.506557897319982,-3.9586685899287386,0.5106484286961693,0.9927842591787251
27,0.593861,0.34505090625,0.9,0.1,200,0.16,19.999999999999996,-6.3576766649080225,1.0266609239170537,0.994372962075261,-4.135166556742356,-6.505128326438661,1.0910143871016817,0.9805790375643766
28,0.6397631875,0.28969928125,0.9,0.1,200,0.2,19.999999999999996,-5.6757568738074555,0.9686266531540885,0.9983056196523796,-3.912023005428146,-5.433422825447663,0.8476113833609916,0.9885103375262144
29,0.7075098125,0.19962878125,0.9,0.1,200,0.3,19.999999999999996,-4.392973629883009,0.7326985276833826,0.9975814045635084,-3.506557897319982,-4.033900723377895,0.49453180127810753,0.9940938876177183
30,0.212935578125,0.631845125,0.9,0.5,50,0.16,4.999999999999999,-3.9919690403911177,0.3392299341237982,0.9978711975815687,-2.5257286443082556,-3.8525248826414797,0.2572000740315771,0.9952037156217133
31,0.24677046875,0.5606824375,0.9,0.5,50,0.2,4.999999999999999,-3.6269524692468527,0.337110686967446,0.9991296113270556,-2.3025850929940455,-3.644718459770207,0.3506960883100061,0.9978623367882398
32,0.30483121875,0.4162214375,0.9,0.5,50,0.3,4.999999999999999,-3.059146804848825,0.28953833415698027,0.9992595746562497,-1.8971199848858813,-3.124691978702572,0.34375429874082414,0.9982436902549112
33,0.36373903125,0.460118875,0.9,0.5,100,0.16,9.999999999999998,-5.409244322757947,0.830083789118264,0.9958594920622653,-2.5257286443082556,-5.379363769658259,0.8175792436940709,0.9955938142596373
34,0.40316503125,0.38269578125,0.9,0.5,100,0.2,9.999999999999998,-4.805302182772946,0.7527457061461983,0.9989315290030325,-2.3025850929940455,-4.635645340064434,0.654249486861062,0.9950328458415699
35,0.45608621875,0.249446421875,0.9,0.5,100,0.3,9.999999999999998,-4.052259524774681,0.635178863862954,0.9986684957761234,-1.8971199848858813,-3.7985585802593484,0.4782480593092662,0.9982690809454288
36,0.4068278125,0.4127154375,0.9,0.5,120,0.16,11.999999999999996,-5.64129567599426,0.8592994404948713,0.9986826360339821,-2.5257286443082556,-5.749033714909588,0.9005679731070722,0.9899284268885895
37,0.444415875,0.33838115625,0.9,0.5,120,0.2,11.999999999999996,-5.112730505792499,0.8073114680297282,0.9983764521165732,-2.3025850929940455,-5.050027850409109,0.7640729725723567,0.9955765711395006
38,0.49249109375,0.213251484375,0.9,0.5,120,0.3,11.999999999999996,-4.292796150969987,0.6721681714076196,0.9984192028620962,-1.8971199848858813,-4.043003331617442,0.5030385809288186,0.9972844054494225
39,0.50376121875,0.3102374375,0.9,0.5,180,0.16,17.999999999999996,-6.61469153690583,1.0206464254405525,0.9953178958363308,-2.5257286443082556,-6.535658485433667,0.9854664820911525,0.9869159796475152
40,0.5339765625,0.24541140625,0.9,0.5,180,0.2,17.999999999999996,-5.884329151354284,0.915375562450248,0.9982379649176351,-2.3025850929940455,-5.804936388378905,0.8568188146242517,0.9939360425706678
41,0.5702223125,0.140631828125,0.9,0.5,180,0.3,17.999999999999996,-4.877039380383491,0.7227930133794812,0.9979960967316787,-1.8971199848858813,-4.569083208579999,0.5114327241335752,0.9983700101152531
42,0.5270805625,0.28610446875,0.9,0.5,200,0.16,19.999999999999996,-6.733600841571296,1.0043535707984457,0.9940919504981396,-2.5257286443082556,-6.882073730547983,1.0453870914029457,0.9740649014884714
43,0.5567510625,0.2225418125,0.9,0.5,200,0.2,19.999999999999996,-6.103367564064506,0.9379162496199881,0.9981524649056605,-2.3025850929940455,-5.804472925210231,0.7824196195939956,0.9924814809096358
44,0.5893349375,0.1240645,0.9,0.5,200,0.3,19.999999999999996,-5.014879327221795,0.7220799021430839,0.997483734745571,-1.8971199848858813,-4.5706775105639315,0.4244307552773144,0.9971191262373783
45,0.1793571875,0.5595569375,0.9,1.0,50,0.16,4.999999999999999,-4.242878980116307,0.3039522710978241,0.9988025230078404,-1.8325814637483102,-4.272225835240265,0.30556702704533045,0.9972843361481825
46,0.201339515625,0.4779330625,0.9,1.0,50,0.2,4.999999999999999,-3.899544874996137,0.29381587586888347,0.9986108419292357,-1.6094379124341003,-3.9062182210516454,0.3018706007152117,0.99755101402084
47,0.236056453125,0.31805303125,0.9,1.0,50,0.3,4.999999999999999,-3.3799730593398114,0.24203379348373125,0.9992031786926527,-1.2039728043259361,-3.458278528800991,0.30136076136591067,0.9986715126305256
48,0.3132086875,0.39228978125,0.9,1.0,100,0.16,9.999999999999998,-5.671332745351902,0.7715370667641059,0.9985408015682881,-1.8325814637483102,-5.627370495600244,0.7341538565757425,0.9945765150167489
49,0.33716553125,0.310802,0.9,1.0,100,0.2,9.999999999999998,-5.193824401181698,0.725937801638116,0.9989296488223863,-1.6094379124341003,-5.060321214600508,0.6548117372289947,0.9966376109410506
50,0.36599296875,0.175083984375,0.9,1.0,100,0.3,9.999999999999998,-4.473265942688602,0.5914267842409279,0.998681830006828,-1.2039728043259361,-4.276724112426226,0.45898783203886107,0.9979432969276509
51,0.35250721875,0.34690065625,0.9,1.0,120,0.16,11.999999999999996,-6.044694409497702,0.8425876208090769,0.9986128605473947,-1.8325814637483102,-6.001527878995031,0.8206599797737233,0.992546216719352
52,0.3760020625,0.26824965625,0.9,1.0,120,0.2,11.999999999999996,-5.508279893926839,0.7760257702337392,0.9984645462658688,-1.6094379124341003,-5.544628347024343,0.7834849686139637,0.9962882542348247
53,0.40048221875,0.1439845625,0.9,1.0,120,0.3,11.999999999999996,-4.793030235851418,0.6496405398023948,0.9986167169343193,-1.2039728043259361,-4.445770110498098,0.4200723647536471,0.9982001537977698
54,0.439020625,0.253091578125,0.9,1.0,180,0.16,17.999999999999996,-6.991669097779002,0.970884811785491,0.9967090666600544,-1.8325814637483102,-6.970937898849817,0.9529015479203551,0.9888718411991682
55,0.4579859375,0.185782,0.9,1.0,180,0.2,17.999999999999996,-6.322242231253675,0.869083884581487,0.9983024840924243,-1.6094379124341003,-6.216179736698819,0.7839714607150948,0.9943244970997178
56,0.47544584375,0.0868624765625,0.9,1.0,180,0.3,17.999999999999996,-5.469975449891098,0.6921146926849384,0.9977585465379416,-1.2039728043259361,-5.0567506121705375,0.4005475559354586,0.9966452145054989
57,0.46204515625,0.23021034375,0.9,1.0,200,0.16,19.999999999999996,-7.538992231530136,1.0993193217067665,0.9900136502868694,-1.8325814637483102,-6.795961283595117,0.7497954761032838,0.9801072903349479
58,0.4780541875,0.167035015625,0.9,1.0,200,0.2,19.999999999999996,-6.622821584196405,0.9100479709472327,0.9962541552201264,-1.6094379124341003,-6.345916110562888,0.751803941830797,0.9922493313887443
59,0.49415240625,0.074952546875,0.9,1.0,200,0.3,19.999999999999996,-5.710724098282726,0.7110430452035333,0.9980455267327801,-1.2039728043259361,-5.273751349224439,0.4125209097434902,0.9950599972562588
60,0.13267396875,0.44463965625,0.9,2.0,50,0.16,4.999999999999999,-4.804667876147774,0.24927122058601575,0.9986213734139293,-1.1394342831883648,-4.729825637846951,0.20609711773939468,0.9950268678063116
61,0.14291290625,0.3534539375,0.9,2.0,50,0.2,4.999999999999999,-4.427733829071328,0.21362054909420183,0.9990276296743201,-0.916290731874155,-4.473801811231968,0.238686540357239,0.9982526962831335
62,0.155146734375,0.1955525,0.9,2.0,50,0.3,4.999999999999999,-3.98025917553871,0.1569899397694932,0.9993842977171553,-0.5108256237659907,-4.069441376799602,0.2186134089478182,0.9988096500076244
63,0.239726796875,0.2926279375,0.9,2.0,100,0.16,9.999999999999998,-6.444417630543272,0.7675649818647156,0.9990146287872532,-1.1394342831883648,-6.426178909250264,0.7626168161314121,0.9940700788879814
64,0.250832359375,0.211054359375,0.9,2.0,100,0.2,9.999999999999998,-5.893589798560943,0.6685937583047247,0.9993278188747786,-0.916290731874155,-5.853719290724899,0.6404060234186499,0.9961229599183057
65,0.2606106875,0.0930770546875,0.9,2.0,100,0.3,9.999999999999998,-5.31255377333653,0.54913498854977,0.9990874782492837,-0.5108256237659907,-5.0186005530534,0.3466098387320652,0.998481423234503
66,0.2732355,0.253007109375,0.9,2.0,120,0.16,11.999999999999996,-6.86095135013896,0.8361272259212433,0.997249135934026,-1.1394342831883648,-6.806648682700671,0.8151411457085391,0.9889001721880347
67,0.28386628125,0.176928359375,0.9,2.0,120,0.2,11.999999999999996,-6.353501775732046,0.7531673038199912,0.9988039443570849,-0.916290731874155,-6.170028869794301,0.6592474172545468,0.9960104364688142
68,0.28987834375,0.0730907265625,0.9,2.0,120,0.3,11.999999999999996,-5.68526093772172,0.605724900162093,0.9986016029341802,-0.5108256237659907,-5.316603482785959,0.3457951323820663,0.9968199882631736
69,0.349148625,0.173968828125,0.9,2.0,180,0.16,17.999999999999996,-8.001645092902498,0.991295377268315,0.9928943780668684,-1.1394342831883648,-8.000902577021694,0.9910387414614503,0.987807274831022
70,0.35576996875,0.1134313515625,0.9,2.0,180,0.2,17.999999999999996,-7.266504625051282,0.8250500683272616,0.9979666236909034,-0.916290731874155,-7.191584290813946,0.7485435742814847,0.9916275314196713
71,0.361356125,0.0385368671875,0.9,2.0,180,0.3,17.999999999999996,-6.637863839285567,0.6903309849181566,0.9981867999577688,-0.5108256237659907,-6.046094506347671,0.27780210124583943,0.9963955806599814
72,0.36893525,0.15598653125,0.9,2.0,200,0.16,19.999999999999996,-8.372564011364188,1.036265779899925,0.9973272160402132,-1.1394342831883648,-8.417587337127207,1.0819809201102293,0.9673551725831555
73,0.37708821875,0.0983614296875,0.9,2.0,200,0.2,19.999999999999996,-7.600139927779744,0.8577578740165622,0.998013360004326,-0.916290731874155,-7.4009472193526,0.7363042942613184,0.9901093910466127
74,0.3801035,0.03203667578125,0.9,2.0,200,0.3,19.999999999999996,-6.956355343128115,0.7162363313795861,0.9979708779274009,-0.5108256237659907,-6.414783466062721,0.3294463964651556,0.9944222883663117
75,0.210923421875,0.76195975,0.92,0.01,50,0.16,3.9999999999999982,-3.375639329297061,0.19662927608811698,0.9987978885046753,-6.437751649736401,-3.214059701451216,0.08937560457704087,0.9922486685160592
76,0.255181125,0.7167943125,0.92,0.01,50,0.2,3.9999999999999982,-3.0254565708024956,0.2102376259710082,0.9987544104602253,-6.214608098422191,-3.0434262420147284,0.21675634706045574,0.9976383488744471
77,0.35124690625,0.6183105625,0.92,0.01,50,0.3,3.9999999999999982,-2.4652776993038126,0.18465765782529128,0.9988412177995415,-5.809142990314028,-2.588167589963696,0.2800509796823152,0.9976684496490816
78,0.3694896875,0.60284475,0.92,0.01,100,0.16,7.9999999999999964,-4.560539174529999,0.7112784283080452,0.9982545858474562,-6.437751649736401,-4.4870450986063455,0.6585526115716823,0.9927302959003469
79,0.42965303125,0.54166575,0.92,0.01,100,0.2,7.9999999999999964,-4.046645850139353,0.6693822028327058,0.9987827023556957,-6.214608098422191,-4.012078877990642,0.6479188818547803,0.996673970160327
80,0.53701775,0.431724125,0.92,0.01,100,0.3,7.9999999999999964,-3.273344169618981,0.5792044373953028,0.99877430053767,-5.809142990314028,-3.145515200597272,0.4944831650159581,0.9978897945022976
81,0.419396625,0.552807625,0.92,0.01,120,0.16,9.599999999999994,-4.91535903453234,0.8141001715606316,0.997508668413162,-6.437751649736401,-4.768301034880558,0.72923148373869,0.9964293685086414
82,0.47904134375,0.49214359375,0.92,0.01,120,0.2,9.599999999999994,-4.311849865648357,0.7455195657895287,0.9977140681518871,-6.214608098422191,-4.319459351693533,0.7396660854931829,0.9951283762999421
83,0.5817090625,0.3869005625,0.92,0.01,120,0.3,9.599999999999994,-3.5059651917861583,0.6489581625240007,0.9987338087705169,-5.809142990314028,-3.3694620086637093,0.5615424502748934,0.997892067931144
84,0.528403375,0.4435708125,0.92,0.01,180,0.16,14.399999999999993,-5.699727889955732,0.9755395010954019,0.9978817146891895,-6.437751649736401,-5.494097963754977,0.8642803640950907,0.9869357974992972
85,0.5864134375,0.3845375625,0.92,0.01,180,0.2,14.399999999999993,-4.979113224327142,0.8874577530950554,0.9978226033832175,-6.214608098422191,-4.908046941575467,0.840284666244261,0.9923167495344415
86,0.6790374375,0.28935859375,0.92,0.01,180,0.3,14.399999999999993,-3.958868302148629,0.7359358867895364,0.9974255047583207,-5.809142990314028,-3.703557696786273,0.5661690885551021,0.9968600691896674
87,0.5557641875,0.41616184375,0.92,0.01,200,0.16,15.999999999999993,-5.995329777413981,1.042454907066305,0.9970055448400635,-6.437751649736401,-5.7370327666312235,0.907929964614733,0.9890317470299597
88,0.6106154375,0.360293,0.92,0.01,200,0.2,15.999999999999993,-5.22436932025831,0.943073816821232,0.9972645158877604,-6.214608098422191,-4.953253891735175,0.794650219460958,0.9938030691056943
89,0.7002886875,0.268065625,0.92,0.01,200,0.3,15.999999999999993,-4.072899485891218,0.7474499744978794,0.997864937378702,-5.809142990314028,-3.7707890729849645,0.5479419405391265,0.9963689833622726
90,0.201794078125,0.74696725,0.92,0.1,50,0.16,3.9999999999999982,-3.4109225309493936,0.18382418204550455,0.9988728547006247,-4.135166556742356,-3.308510835823294,0.11873417056883058,0.9928241378336545
91,0.243034640625,0.697036,0.92,0.1,50,0.2,3.9999999999999982,-3.047255586507061,0.18832049247794874,0.9987060331367767,-3.912023005428146,-3.024318220617286,0.17234368260732852,0.9957646846286391
92,0.3315885625,0.5858454375,0.92,0.1,50,0.3,3.9999999999999982,-2.518672219927665,0.17529864266348918,0.998937597367762,-3.506557897319982,-2.612794392253498,0.25057130274375927,0.9964183433181364
93,0.356762625,0.5866814375,0.92,0.1,100,0.16,7.9999999999999964,-4.617237222972857,0.7019282747633735,0.9984208452575966,-4.135166556742356,-4.543350731447803,0.6601647004559957,0.9938175898819737
94,0.41220521875,0.5215296875,0.92,0.1,100,0.2,7.9999999999999964,-4.106187880339978,0.6637862975756079,0.9988482829729359,-3.912023005428146,-4.003757900152404,0.6063823975140544,0.9966536435760404
95,0.5081808125,0.40214621875,0.92,0.1,100,0.3,7.9999999999999964,-3.3621830101957535,0.5737875603485832,0.9985874912412815,-3.506557897319982,-3.248329706519477,0.49823278530892506,0.9989660454720443
96,0.4056368125,0.5365773125,0.92,0.1,120,0.16,9.599999999999994,-5.037784222758505,0.834734140968937,0.9985948992077484,-4.135166556742356,-4.882208958400714,0.7481056004424534,0.994468102194948
97,0.46165228125,0.47095521875,0.92,0.1,120,0.2,9.599999999999994,-4.430866545613062,0.7612514899747139,0.9983172765963519,-3.912023005428146,-4.351712614148724,0.71060566116858,0.9955659842288542
98,0.5530895625,0.3561630625,0.92,0.1,120,0.3,9.599999999999994,-3.597619105279111,0.643487928054508,0.9982930478455712,-3.506557897319982,-3.4044758490654217,0.519070212547775,0.9976912598289741
99,0.51286340625,0.42718475,0.92,0.1,180,0.16,14.399999999999993,-5.764798034493943,0.9734353059261772,0.99735601903546,-4.135166556742356,-5.784924334179142,0.9666744112758869,0.9895661996018561
100,0.56416925,0.366397875,0.92,0.1,180,0.2,14.399999999999993,-5.125618921760469,0.9042384893548265,0.9982761542306121,-3.912023005428146,-4.969282341005278,0.8248493246391742,0.9915085533864443
101,0.6447131875,0.26282753125,0.92,0.1,180,0.3,14.399999999999993,-4.08560964441569,0.7347414743950855,0.9983446375895293,-3.506557897319982,-3.8143228749213143,0.5528365673431254,0.996605628485583
102,0.538245,0.401354,0.92,0.1,200,0.16,15.999999999999993,-6.095395262159866,1.0448645638352292,0.9958858662770849,-4.135166556742356,-5.758427016369146,0.8861623215133587,0.9828645876250527
103,0.589893125,0.34014015625,0.92,0.1,200,0.2,15.999999999999993,-5.297885872849593,0.9324166240127179,0.9976706942774132,-3.912023005428146,-5.142516674713558,0.8510310357333127,0.9958815751685854
104,0.664468,0.2427976875,0.92,0.1,200,0.3,15.999999999999993,-4.202285980993618,0.7443853180506572,0.9979890599835468,-3.506557897319982,-3.839739683688358,0.5129140579948942,0.9967185378042648
105,0.173205203125,0.67893275,0.92,0.5,50,0.16,3.9999999999999982,-3.650145244140491,0.16853218786018181,0.9987698814306842,-2.5257286443082556,-3.47524614817832,0.05826549611090369,0.9957832868282638
106,0.202670015625,0.6134609375,0.92,0.5,50,0.2,3.9999999999999982,-3.292727172121946,0.16623925847541124,0.9990222035224515,-2.3025850929940455,-3.270654806767221,0.1483476904207189,0.9964586011727913
107,0.257148890625,0.47280384375,0.92,0.5,50,0.3,3.9999999999999982,-2.762827501951055,0.129584566238272,0.9995266589945271,-1.8971199848858813,-2.9484896146116797,0.2604914020313787,0.9980365489203633
108,0.31120653125,0.51811671875,0.92,0.5,100,0.16,7.9999999999999964,-4.848308650102592,0.6709156446509692,0.99872881400844,-2.5257286443082556,-4.841890832823671,0.6615780454623265,0.9957470148448225
109,0.3489196875,0.44222746875,0.92,0.5,100,0.2,7.9999999999999964,-4.390514523205873,0.6372381863593225,0.9989172223176894,-2.3025850929940455,-4.419707039912078,0.6447200887239407,0.9973394743000735
110,0.4076075625,0.30004925,0.92,0.5,100,0.3,7.9999999999999964,-3.712920155776283,0.5469078016022445,0.999219250510824,-1.8971199848858813,-3.540502287903621,0.44008764623264074,0.9983044057176585
111,0.35390696875,0.47089290625,0.92,0.5,120,0.16,9.599999999999994,-5.250521626256808,0.7828090406776935,0.9989480942777795,-2.5257286443082556,-5.106165524865865,0.6944580327204285,0.9945894063048967
112,0.39233059375,0.3947168125,0.92,0.5,120,0.2,9.599999999999994,-4.7284928538035205,0.729666969967633,0.9988600440002424,-2.3025850929940455,-4.724177126721585,0.7226569350036841,0.9978108731646407
113,0.44643140625,0.2590208125,0.92,0.5,120,0.3,9.599999999999994,-3.976281653684051,0.617095802466368,0.9989811799246896,-1.8971199848858813,-3.8141710801915703,0.5056418398373849,0.9983700022784545
114,0.45225015625,0.36437915625,0.92,0.5,180,0.16,14.399999999999993,-6.161295474504567,0.9775708842029472,0.9966143343555136,-2.5257286443082556,-6.141821230360969,0.9570315998034784,0.9913203869886417
115,0.4855096875,0.29480090625,0.92,0.5,180,0.2,14.399999999999993,-5.482428571505843,0.8790921331821142,0.9981795543322294,-2.3025850929940455,-5.337310881576615,0.7931593698406925,0.9939237416406599
116,0.5284549375,0.1780776875,0.92,0.5,180,0.3,14.399999999999993,-4.560343489763266,0.7126998026674138,0.9982670020003038,-1.8971199848858813,-4.228746185501845,0.48471143755345164,0.9977437688272784
117,0.47690953125,0.33827303125,0.92,0.5,200,0.16,15.999999999999993,-6.366194627866012,0.9991589885581365,0.9921102437869047,-2.5257286443082556,-6.092639123847798,0.8457046985125941,0.9863073905788713
118,0.50894853125,0.27062134375,0.92,0.5,200,0.2,15.999999999999993,-5.577232046364062,0.8628558309156356,0.9979657185820435,-2.3025850929940455,-5.566904293424232,0.8459621776850832,0.9953770386454699
119,0.548443375,0.1594635,0.92,0.5,200,0.3,15.999999999999993,-4.714456107093522,0.7234342220656692,0.9976342000448646,-1.8971199848858813,-4.322153249914389,0.46671773800123034,0.9973490099797476
120,0.144806484375,0.6061231875,0.92,1.0,50,0.16,3.9999999999999982,-3.907143354954358,0.1336235404446492,0.9986554648259198,-1.8325814637483102,-3.8635915821880733,0.10002221006370195,0.9969813119373605
121,0.16455228125,0.5276718125,0.92,1.0,50,0.2,3.9999999999999982,-3.5721823583949535,0.1303799343620592,0.9991542209659903,-1.6094379124341003,-3.6219950223551067,0.16230702557852394,0.9966873797656628
122,0.19633184375,0.368920625,0.92,1.0,50,0.3,3.9999999999999982,-3.068460537138062,0.08552142909029666,0.9992748153239783,-1.2039728043259361,-3.2274600098545,0.2034415365943263,0.998299993043706
123,0.26627515625,0.44733321875,0.92,1.0,100,0.16,7.9999999999999964,-5.221264191929722,0.6650468691379806,0.9983150716799462,-1.8325814637483102,-5.003987415045955,0.5422113138840302,0.9923707262830814
124,0.2912369375,0.36318125,0.92,1.0,100,0.2,7.9999999999999964,-4.708752517390551,0.5978542378399498,0.9985891549818776,-1.6094379124341003,-4.686278313160694,0.5777230688690815,0.9977688779468539
125,0.32297565625,0.216510375,0.92,1.0,100,0.3,7.9999999999999964,-4.1322526897482295,0.5196440582669954,0.9992497660498235,-1.2039728043259361,-3.9618074244112345,0.4156427089192592,0.9981649837870782
126,0.30286559375,0.402827625,0.92,1.0,120,0.16,9.599999999999994,-5.573722407374866,0.7521262557459242,0.9987768984117454,-1.8325814637483102,-5.45601292348964,0.685785642488078,0.9955244889341635
127,0.3290066875,0.31948690625,0.92,1.0,120,0.2,9.599999999999994,-5.077139470157572,0.6961348158400436,0.9991988182814016,-1.6094379124341003,-5.092588756578207,0.692201052166296,0.9971079521930576
128,0.35837484375,0.1820535625,0.92,1.0,120,0.3,9.599999999999994,-4.391153931500255,0.5757295818990119,0.9987122539202797,-1.2039728043259361,-4.178226487559019,0.42597940855993854,0.9993937101384794
129,0.3917758125,0.30344384375,0.92,1.0,180,0.16,14.399999999999993,-6.63316108628897,0.9768342389122275,0.994296848881569,-1.8325814637483102,-6.756241607483899,1.0439447771019958,0.9926554273253603
130,0.4131300625,0.229158046875,0.92,1.0,180,0.2,14.399999999999993,-5.8470734219315394,0.8190047843820005,0.9981980565011461,-1.6094379124341003,-5.659883706342345,0.7031086495202812,0.9971598203181725
131,0.4339960625,0.116088265625,0.92,1.0,180,0.3,14.399999999999993,-5.14953598005675,0.7031792925283631,0.9982194146809467,-1.2039728043259361,-4.767278955481756,0.4537994426340859,0.9984642484842386
132,0.41426959375,0.27893690625,0.92,1.0,200,0.16,15.999999999999993,-6.867493454040552,1.0044050077611562,0.9977248215959627,-1.8325814637483102,-6.460436775983996,0.80350372158775,0.9925556244846875
133,0.4348753125,0.20784828125,0.92,1.0,200,0.2,15.999999999999993,-6.118600493723061,0.8600678940022577,0.9972715842464956,-1.6094379124341003,-6.053690837996825,0.8152052603787228,0.9957341958339249
134,0.4535926875,0.10162190625,0.92,1.0,200,0.3,15.999999999999993,-5.318754135718357,0.7079992807198402,0.9979312374576315,-1.2039728043259361,-4.885949888531579,0.4184405666132546,0.996579298607227
135,0.106719625,0.48673584375,0.92,2.0,50,0.16,3.9999999999999982,-4.408642827014643,0.06959426532709527,0.9985213471058237,-1.1394342831883648,-4.396692563577082,0.05561621533347843,0.9960987475075027
136,0.1155310390625,0.39752859375,0.92,2.0,50,0.2,3.9999999999999982,-4.121400145986311,0.06956131082510443,0.9993550335291695,-0.916290731874155,-4.214571631385498,0.11933993204121378,0.9971495654069973
137,0.1278274921875,0.233675390625,0.92,2.0,50,0.3,3.9999999999999982,-3.6853147317711503,0.016066509316830832,0.9994212979042089,-0.5108256237659907,-3.8483644512776234,0.14564544348755998,0.9987366481321817
138,0.20048803125,0.3430639375,0.92,2.0,100,0.16,7.9999999999999964,-5.881738902711795,0.6211753800453167,0.9985173115842922,-1.1394342831883648,-5.766847762630745,0.5741145048426275,0.9961320715113673
139,0.212271078125,0.255329578125,0.92,2.0,100,0.2,7.9999999999999964,-5.419387914336613,0.5607182663964351,0.9989913770372038,-0.916290731874155,-5.41667179871581,0.5572064085996621,0.9974236457643789
140,0.223979046875,0.12170478125,0.92,2.0,100,0.3,7.9999999999999964,-4.846354311359853,0.44800888478564505,0.9988966352733375,-0.5108256237659907,-4.740772491596749,0.36349090241210813,0.9988711397940784
141,0.231960375,0.301771625,0.92,2.0,120,0.16,9.599999999999994,-6.256555625706657,0.7147746914258852,0.9979303481978711,-1.1394342831883648,-6.1695785666342235,0.6724833465880337,0.9929272234213021
142,0.243566625,0.218469515625,0.92,2.0,120,0.2,9.599999999999994,-5.769003925670628,0.641840567721508,0.9990912198222648,-0.916290731874155,-5.750676847761326,0.6260686089629814,0.9948605033846247
143,0.25308684375,0.097847859375,0.92,2.0,120,0.3,9.599999999999994,-5.228630661213043,0.5353861798072757,0.9992077930369005,-0.5108256237659907,-4.950575799640032,0.34479835570595346,0.9983659966204463
144,0.3064905625,0.21609515625,0.92,2.0,180,0.16,14.399999999999993,-7.2860647012407815,0.8919454547866349,0.9986216542082772,-1.1394342831883648,-7.4437192326144075,0.9624920779085311,0.9734555322121997
145,0.3153475,0.146332828125,0.92,2.0,180,0.2,14.399999999999993,-6.74072034599924,0.7945878732449966,0.9985737662776049,-0.916290731874155,-6.594983926063736,0.7126730836001965,0.995759242024432
146,0.32128178125,0.0557897109375,0.92,2.0,180,0.3,14.399999999999993,-6.133994183108424,0.665514481885963,0.998768803147834,-0.5108256237659907,-5.6829731726398895,0.34846571144750216,0.9981140675636653
147,0.32632153125,0.19539690625,0.92,2.0,200,0.16,15.999999999999993,-7.661417023482592,0.9509102888002073,0.9950193681725211,-1.1394342831883648,-7.591188578046533,0.920585565379775,0.9885409397983437
148,0.33446678125,0.13009490625,0.92,2.0,200,0.2,15.999999999999993,-6.9201748242782495,0.7912560735700639,0.9949772184175584,-0.916290731874155,-6.826946198414894,0.7056929684021874,0.9957562153725892
149,0.34017765625,0.0469919140625,0.92,2.0,200,0.3,15.999999999999993,-6.36872017912736,0.6816551649713287,0.9982844258998465,-0.5108256237659907,-5.909997600165005,0.3461579486873152,0.9968484837267221
150,0.183678875,0.7893056875,0.93,0.01,50,0.16,3.4999999999999973,-3.1702260758934373,0.07674157211486808,0.9973830988802895,-6.437751649736401,-3.1232489413708677,0.039741981865141204,0.9951507038764335
151,0.22597715625,0.7461336875,0.93,0.01,50,0.2,3.4999999999999973,-2.811937559098733,0.08298655341215043,0.997563380892083,-6.214608098422191,-2.837001867793986,0.08694215903438227,0.9950256867344663
152,0.3168914375,0.652851,0.93,0.01,50,0.3,3.4999999999999973,-2.3147865714018514,0.08715930193807751,0.9990613130523874,-5.809142990314028,-2.4567095094441784,0.1942305560267147,0.9956867593178146
153,0.33450990625,0.637915,0.93,0.01,100,0.16,6.999999999999995,-4.286390332103695,0.6145593526120068,0.998845776348429,-6.437751649736401,-4.173774579938685,0.5483265131700406,0.9945476747066231
154,0.39310728125,0.5783175,0.93,0.01,100,0.2,6.999999999999995,-3.8793574352440703,0.6129541777551448,0.9996074518876708,-6.214608098422191,-3.8348449229493773,0.5939313153095793,0.9973999326090411
155,0.50110928125,0.46776534375,0.93,0.01,100,0.3,6.999999999999995,-3.114998536102676,0.5191789237199826,0.9988701810619002,-5.809142990314028,-3.061952824168523,0.4828168063614027,0.9983144532160196
156,0.3828570625,0.589430625,0.93,0.01,120,0.16,8.399999999999995,-4.645298119095675,0.7354554772532728,0.9972188257490555,-6.437751649736401,-4.595762815058072,0.700367675974142,0.9956686808780212
157,0.44273721875,0.5285465625,0.93,0.01,120,0.2,8.399999999999995,-4.1496682697892,0.7057828255109247,0.9991016118903121,-6.214608098422191,-4.075350211200311,0.6637952411669441,0.9967966770253163
158,0.550619,0.41809575,0.93,0.01,120,0.3,8.399999999999995,-3.346296136999126,0.6036552027192699,0.9985974833907912,-5.809142990314028,-3.1935693212574074,0.5018369829634404,0.9977898234368009
159,0.49241853125,0.47962521875,0.93,0.01,180,0.16,12.59999999999999,-5.570741064688856,0.9841711547444504,0.9955893216879347,-6.437751649736401,-5.4457626851183685,0.9262099207573457,0.9860171339744022
160,0.5514739375,0.41953728125,0.93,0.01,180,0.2,12.59999999999999,-4.820253873441903,0.8797704768183197,0.9973133950076739,-6.214608098422191,-4.684642477480077,0.7976701763444302,0.9945538528584629
161,0.6493246875,0.31912834375,0.93,0.01,180,0.3,12.59999999999999,-3.8353824340338334,0.7271058763317368,0.998423490012748,-5.809142990314028,-3.575243787143812,0.5547242015753806,0.9969456747935334
162,0.521292125,0.45068059375,0.93,0.01,200,0.16,13.99999999999999,-5.701721358827654,0.9931476159868471,0.9952773902238092,-6.437751649736401,-5.284472062936712,0.7837933790962499,0.9904690113336643
163,0.5777738125,0.39318240625,0.93,0.01,200,0.2,13.99999999999999,-4.9837478157751685,0.9033837020378425,0.998246257323784,-6.214608098422191,-4.842726139000364,0.8211608832995585,0.9961293843042318
164,0.67235525,0.29604840625,0.93,0.01,200,0.3,13.99999999999999,-3.929722534628299,0.7340505398438943,0.9978114788785769,-5.809142990314028,-3.6418739369837314,0.5470146426181789,0.9953934600950893
165,0.17721221875,0.7725595625,0.93,0.1,50,0.16,3.4999999999999973,-3.2549152975220044,0.08282621078618078,0.9981248073027419,-4.135166556742356,-3.115274212889923,-0.0022163607490838775,0.9969481496971099
166,0.216309640625,0.72503125,0.93,0.1,50,0.2,3.4999999999999973,-2.898087778097578,0.09237189341960651,0.99872197449292,-3.912023005428146,-2.9488681706483866,0.11841748304755412,0.9956957517074365
167,0.29764659375,0.621475875,0.93,0.1,50,0.3,3.4999999999999973,-2.3766495047073213,0.08165354850911373,0.9987075653752009,-3.506557897319982,-2.4996401968931723,0.1750595778104857,0.9953408371857173
168,0.3234036875,0.6209369375,0.93,0.1,100,0.16,6.999999999999995,-4.396551815148606,0.6292751155320581,0.9986910212217351,-4.135166556742356,-4.192278933269185,0.5233450093134389,0.9945137385864425
169,0.3782025625,0.5566174375,0.93,0.1,100,0.2,6.999999999999995,-3.9055569058479813,0.5962801184861803,0.999060587172551,-3.912023005428146,-3.813982993435238,0.5458618088864179,0.9957728162351881
170,0.4739555,0.4372625625,0.93,0.1,100,0.3,6.999999999999995,-3.205370604947203,0.5195355661291575,0.9991142721864169,-3.506557897319982,-3.1141959239499015,0.4628886134563333,0.9989169171460172
171,0.3700676875,0.5729481875,0.93,0.1,120,0.16,8.399999999999995,-4.662991196016724,0.7171179495092952,0.9983401817481311,-4.135166556742356,-4.697133412275339,0.7235207077950501,0.997905720276036
172,0.42489940625,0.50849034375,0.93,0.1,120,0.2,8.399999999999995,-4.178737078883264,0.6853126016126485,0.9989562893291696,-3.912023005428146,-4.07019626158994,0.6203758591638071,0.9960939654666836
173,0.5217216875,0.3882345625,0.93,0.1,120,0.3,8.399999999999995,-3.4223152529609377,0.5940895274015259,0.9986660561885384,-3.506557897319982,-3.289712969580071,0.5049641660151539,0.9983238632578353
174,0.477168875,0.46348875,0.93,0.1,180,0.16,12.59999999999999,-5.507679701490649,0.9299576933059224,0.9978479927938331,-4.135166556742356,-5.60106108613448,0.9680967452722421,0.9941112281245855
175,0.5309861875,0.400025,0.93,0.1,180,0.2,12.59999999999999,-4.844974607146426,0.8457367584032104,0.9980833490957033,-3.912023005428146,-4.707155151624374,0.7634452713257329,0.9934152616307135
176,0.6154890625,0.29241890625,0.93,0.1,180,0.3,12.59999999999999,-3.932990786750696,0.715372040929207,0.9979031704435972,-3.506557897319982,-3.7102633672913523,0.5654406549601981,0.9977946705240442
177,0.50496134375,0.43522084375,0.93,0.1,200,0.16,13.99999999999999,-5.6897630615721555,0.9556384159798333,0.9978008589681856,-4.135166556742356,-5.652610462010314,0.9231775383185248,0.9891663333026246
178,0.5569495,0.3735961875,0.93,0.1,200,0.2,13.99999999999999,-5.052607414230393,0.8920348929150057,0.9979246649584482,-3.912023005428146,-4.91347697168119,0.8151521272743704,0.9950701565700756
179,0.637928125,0.269724375,0.93,0.1,200,0.3,13.99999999999999,-4.0447567209347595,0.7243033302456929,0.9976954917129551,-3.506557897319982,-3.838472325064236,0.5847976978752256,0.9961639351231879
180,0.1517770625,0.7046785,0.93,0.5,50,0.16,3.4999999999999973,-3.4264781284670653,0.044434098187386264,0.9988319712344268,-2.5257286443082556,-3.3816955651831355,-0.0021064688716517267,0.9965257865230482
181,0.17993525,0.6414579375,0.93,0.5,50,0.2,3.4999999999999973,-3.137535127908567,0.07130728088479782,0.9983960405087471,-2.3025850929940455,-3.1782756824276883,0.09054472973028736,0.9969725332856759
182,0.23085553125,0.5054698125,0.93,0.5,50,0.3,3.4999999999999973,-2.6149494486334004,0.03796581371640181,0.9992171916719824,-1.8971199848858813,-2.8174335979659,0.18428160179153844,0.9971187568404564
183,0.280198625,0.5530650625,0.93,0.5,100,0.16,6.999999999999995,-4.629626518042082,0.6019185609853189,0.9985403356921797,-2.5257286443082556,-4.642454334126847,0.6028686563645289,0.9946436167792903
184,0.317534625,0.47723253125,0.93,0.5,100,0.2,6.999999999999995,-4.119992638682188,0.5445652633890972,0.9989626692449837,-2.3025850929940455,-4.143044218581332,0.5532360872861943,0.9965701310606594
185,0.37725409375,0.3324201875,0.93,0.5,100,0.3,6.999999999999995,-3.5204259559559183,0.48516751011243353,0.9990908844529964,-1.8971199848858813,-3.4753535774104725,0.4550009469105201,0.9984145389585253
186,0.3221385625,0.50575359375,0.93,0.5,120,0.16,8.399999999999995,-5.088323578198328,0.7500582140422274,0.9982611783383109,-2.5257286443082556,-4.849082091513119,0.6481071574883586,0.9945662250537682
187,0.361019625,0.4284923125,0.93,0.5,120,0.2,8.399999999999995,-4.4903318523352675,0.6708888165755924,0.9986545959554616,-2.3025850929940455,-4.394792803986435,0.6159076890036008,0.9977590708732778
188,0.4169015625,0.28956046875,0.93,0.5,120,0.3,8.399999999999995,-3.7821342716157496,0.5659182047009486,0.9986162804973986,-1.8971199848858813,-3.6310053340540804,0.4685359524846871,0.9985042463874443
189,0.41983403125,0.39882884375,0.93,0.5,180,0.16,12.59999999999999,-5.825468122598721,0.9113209689556709,0.9959698085807596,-2.5257286443082556,-5.790185404856285,0.8784672975935385,0.9877492743267104
190,0.45585703125,0.32541284375,0.93,0.5,180,0.2,12.59999999999999,-5.188575741897975,0.8288294751821336,0.9977955201845075,-2.3025850929940455,-4.967724543254542,0.6933972689348187,0.9960321728422877
191,0.5026464375,0.203099140625,0.93,0.5,180,0.3,12.59999999999999,-4.378827111702192,0.6916993337947747,0.9982193412690908,-1.8971199848858813,-4.101792021330401,0.5063028592386939,0.9985132975436678
192,0.44375653125,0.37300540625,0.93,0.5,200,0.16,13.99999999999999,-6.054338843862791,0.948208630246925,0.9959195606267143,-2.5257286443082556,-5.9431275201032365,0.8755687400394083,0.9930070168896166
193,0.4794660625,0.301079625,0.93,0.5,200,0.2,13.99999999999999,-5.417761339415096,0.8655130938583221,0.9987173958411582,-2.3025850929940455,-5.302657850451515,0.7880045816269428,0.9936380449105595
194,0.52335609375,0.182862515625,0.93,0.5,200,0.3,13.99999999999999,-4.524372848537301,0.7108356831337254,0.9983356925744139,-1.8971199848858813,-4.232405987858658,0.5068582807017337,0.9966164544056898
195,0.1282823203125,0.6292576875,0.93,1.0,50,0.16,3.4999999999999973,-3.711341343782514,0.027399775744766205,0.9986096858371218,-1.8325814637483102,-3.6296475616058896,-0.028311657990374817,0.9966144175329121
196,0.1456490625,0.55453925,0.93,1.0,50,0.2,3.4999999999999973,-3.393628216533576,0.028461150079162868,0.9993783747737934,-1.6094379124341003,-3.4042704343442587,0.036338337711896575,0.9959393354486475
197,0.174897421875,0.398093125,0.93,1.0,50,0.3,3.4999999999999973,-2.894377420505035,-0.012774676264425532,0.999111470340941,-1.2039728043259361,-3.102256043570477,0.13994369282332195,0.997615041808559
198,0.238509109375,0.48161459375,0.93,1.0,100,0.16,6.999999999999995,-4.93512167174316,0.573257940297125,0.9990455022179888,-1.8325814637483102,-4.903405099951,0.5514613424805245,0.9974349974266994
199,0.26402090625,0.39573746875,0.93,1.0,100,0.2,6.999999999999995,-4.520803992385499,0.5436111982646793,0.9988899940568818,-1.6094379124341003,-4.414009195174553,0.49486823726371043,0.9963905939926619
200,0.2962993125,0.24431265625,0.93,1.0,100,0.3,6.999999999999995,-3.9007372764603674,0.45199617469575243,0.9993821342128384,-1.2039728043259361,-3.848495474937179,0.4123049965444101,0.9990314047407016
201,0.27503128125,0.4359924375,0.93,1.0,120,0.16,8.399999999999995,-5.289562342300182,0.679180942609569,0.9987533462992229,-1.8325814637483102,-5.300728972493545,0.6807784473951776,0.995430412474644
202,0.3008661875,0.351502625,0.93,1.0,120,0.2,8.399999999999995,-4.8496486773782035,0.6423142497462738,0.9992994298144874,-1.6094379124341003,-4.750928266185574,0.5785620094395245,0.9982185130180014
203,0.33177725,0.20735728125,0.93,1.0,120,0.3,8.399999999999995,-4.226258990188857,0.5446048419725172,0.9992927903237612,-1.2039728043259361,-3.97843588611905,0.3958629204728317,0.9982301646664604
204,0.3629386875,0.3348369375,0.93,1.0,180,0.16,12.59999999999999,-6.211246247701072,0.8838047088867506,0.9975941142642417,-1.8325814637483102,-6.1551797918197755,0.8577588303145303,0.9935089661460402
205,0.38536753125,0.25748046875,0.93,1.0,180,0.2,12.59999999999999,-5.61252098901169,0.7989412582661903,0.9983379958599424,-1.6094379124341003,-5.4354601993033835,0.6897153716853426,0.9979382379529977
206,0.40961615625,0.135608734375,0.93,1.0,180,0.3,12.59999999999999,-4.905018290166931,0.6754180412417976,0.9985047013823566,-1.2039728043259361,-4.579493306614894,0.46145589866971964,0.997093893511782
207,0.385542625,0.3097858125,0.93,1.0,200,0.16,13.99999999999999,-6.533791316588731,0.9552245069504701,0.9977264822257087,-1.8325814637483102,-6.206512994343193,0.7774266933211413,0.9857585193597753
208,0.40729803125,0.234878515625,0.93,1.0,200,0.2,13.99999999999999,-5.887476448560523,0.8511123267118503,0.9986686897411291,-1.6094379124341003,-5.800423748960662,0.7937644406797819,0.9963674423483128
209,0.42920190625,0.1198368984375,0.93,1.0,200,0.3,13.99999999999999,-5.100180533676174,0.6967486164396253,0.9983050406111263,-1.2039728043259361,-4.667760250910151,0.42113861989790613,0.9977809366186954
210,0.09298121875,0.51095071875,0.93,2.0,50,0.16,3.4999999999999973,-4.2338603376823265,-0.02686499525893715,0.9989316702269327,-1.1394342831883648,-4.1983143909538425,-0.061207039875692315,0.9965468085856332
211,0.1010580625,0.4225035625,0.93,2.0,50,0.2,3.4999999999999973,-3.9100817849564877,-0.04526864367302015,0.9987372149530711,-0.916290731874155,-3.927579248686703,-0.03235475192797617,0.9979117821024738
212,0.1116452265625,0.257622140625,0.93,2.0,50,0.3,3.4999999999999973,-3.476156127748655,-0.09493417395506527,0.9991091074126061,-0.5108256237659907,-3.6877542758020136,0.06535852801494714,0.9977843497460389
213,0.178952921875,0.37204471875,0.93,2.0,100,0.16,6.999999999999995,-5.506459070778065,0.511258582994506,0.9988694602429168,-1.1394342831883648,-5.463314690986012,0.46704366245531953,0.9935847931756997
214,0.190765203125,0.28238740625,0.93,2.0,100,0.2,6.999999999999995,-5.150610368219037,0.48565804135412993,0.9993458826098746,-0.916290731874155,-5.065510737563284,0.44762344223365175,0.9961984107813544
215,0.202882859375,0.140989359375,0.93,2.0,100,0.3,6.999999999999995,-4.599641036485951,0.38174827975897435,0.9990384782721766,-0.5108256237659907,-4.5058960387438285,0.3161358598316897,0.9989586768978271
216,0.208084390625,0.33196865625,0.93,2.0,120,0.16,8.399999999999995,-5.939592817203526,0.6388696413150126,0.9988710658666486,-1.1394342831883648,-5.845583249365586,0.5849114197708223,0.9944755002810237
217,0.21995621875,0.244578671875,0.93,2.0,120,0.2,8.399999999999995,-5.450002799106433,0.559266309431914,0.9990331839929222,-0.916290731874155,-5.413824843926701,0.5344820000007321,0.9971935794341927
218,0.23192815625,0.11483490625,0.93,2.0,120,0.3,8.399999999999995,-4.959521471426018,0.48265241210792703,0.9992813532308362,-0.5108256237659907,-4.801833820641065,0.36069335207146647,0.9992756967165338
219,0.28165328125,0.2421154375,0.93,2.0,180,0.16,12.59999999999999,-7.0150899687992165,0.8730314899132924,0.9970943117470692,-1.1394342831883648,-6.808869105988299,0.7645477752642981,0.9953731343308052
220,0.29117878125,0.168583953125,0.93,2.0,180,0.2,12.59999999999999,-6.360164724166415,0.7357470534032273,0.998870224585687,-0.916290731874155,-6.367351034148994,0.7136406339430196,0.9975127228855851
221,0.2986631875,0.0678796953125,0.93,2.0,180,0.3,12.59999999999999,-5.819570171277974,0.6332359083648781,0.9987681797819838,-0.5108256237659907,-5.425362633574235,0.35536152602801363,0.9977497997255815
222,0.30089609375,0.2211223125,0.93,2.0,200,0.16,13.99999999999999,-7.197857605988979,0.8798258015573933,0.9986877098036717,-1.1394342831883648,-7.321082548076712,0.9334541732709426,0.9931209037205941
223,0.30970934375,0.150962875,0.93,2.0,200,0.2,13.99999999999999,-6.652499406858611,0.7827418823734124,0.9983414103456233,-0.916290731874155,-6.4967863907501995,0.6873430579603717,0.9917853832537769
224,0.31716790625,0.05778131640625,0.93,2.0,200,0.3,13.99999999999999,-6.0386106154025985,0.6479370655131448,0.9984266396762105,-0.5108256237659907,-5.7049187571312725,0.3959861322900902,0.9969636014050409
225,0.13577296875,0.837443875,0.95,0.01,50,0.16,2.500000000000002,-2.781754470017356,-0.19605914231775926,0.9967824247383906,-6.437751649736401,-2.647587270657685,-0.2912612762070214,0.9900886281564079
226,0.165964265625,0.806463375,0.95,0.01,50,0.2,2.500000000000002,-2.4780336783613395,-0.17383885419433523,0.9975389176052055,-6.214608098422191,-2.431843722941636,-0.21227582515795515,0.9904247371243518
227,0.238716046875,0.7315359375,0.95,0.01,50,0.3,2.500000000000002,-2.034769551971419,-0.1516414835232283,0.9974861976813034,-5.809142990314028,-2.3127003374144532,0.05180475535399982,0.9958787778606758
228,0.253752296875,0.7189418125,0.95,0.01,100,0.16,5.000000000000004,-3.727605128896165,0.38207637397471933,0.9984751559351355,-6.437751649736401,-3.6628547859074625,0.34395204770744287,0.9960931090248087
229,0.3050549375,0.666681875,0.95,0.01,100,0.2,5.000000000000004,-3.3221146953830654,0.37419241547987253,0.9989895725491509,-6.214608098422191,-3.2965864243381326,0.3596091059198852,0.9971802208709392
230,0.410139375,0.5590949375,0.95,0.01,100,0.3,5.000000000000004,-2.7125401462729353,0.3370554606448595,0.9989442043761131,-5.809142990314028,-2.7549622834019285,0.37096970117388417,0.9980104657775276
231,0.29640984375,0.67612875,0.95,0.01,120,0.16,6.000000000000005,-4.010594444257493,0.5100565712128081,0.9982863593210067,-6.437751649736401,-3.944025831060007,0.4709499124574229,0.9959783241082201
232,0.350457875,0.621098125,0.95,0.01,120,0.2,6.000000000000005,-3.562490106549471,0.4890729558168917,0.9986652966978388,-6.214608098422191,-3.5994820753089325,0.5066650622611795,0.9980244516089959
233,0.4595789375,0.509442125,0.95,0.01,120,0.3,6.000000000000005,-2.952491615699161,0.4517509456627401,0.9991597250910572,-5.809142990314028,-2.8941497228872155,0.4266850079504567,0.9976484636919338
234,0.4006673125,0.57157475,0.95,0.01,180,0.16,9.000000000000007,-4.814652046323929,0.7885189074711864,0.998798906724338,-6.437751649736401,-4.745223738456736,0.7555690463763698,0.995442980729447
235,0.4618229375,0.5093915,0.95,0.01,180,0.2,9.000000000000007,-4.239730050635255,0.7357843531013645,0.9989802309051508,-6.214608098422191,-4.139284036423888,0.6723174574286012,0.996808063334699
236,0.566553625,0.402094,0.95,0.01,180,0.3,9.000000000000007,-3.4381682538915466,0.6339612887369467,0.9987524779318223,-5.809142990314028,-3.3029769509600464,0.547530746107806,0.9973743917322843
237,0.4291615625,0.5430019375,0.95,0.01,200,0.16,10.000000000000009,-5.004734888446541,0.8413184378743787,0.9979161932304049,-6.437751649736401,-4.85585561255704,0.7581519379930346,0.9911948717234034
238,0.49188175,0.47925721875,0.95,0.01,200,0.2,10.000000000000009,-4.394660489882396,0.7768784469329226,0.9980696671570961,-6.214608098422191,-4.353889880195423,0.7452033098925747,0.9980589455382104
239,0.5936241875,0.37495725,0.95,0.01,200,0.3,10.000000000000009,-3.5694413238769336,0.6708321011035446,0.9987757480583824,-5.809142990314028,-3.397280367161314,0.5589351696358291,0.9982316124339095
240,0.12966940625,0.822302125,0.95,0.1,50,0.16,2.500000000000002,-2.8130610180802256,-0.21108799430962455,0.9951626120005129,-4.135166556742356,-2.7616963908933614,-0.2598200180250323,0.991928860107265
241,0.157709359375,0.786750125,0.95,0.1,50,0.2,2.500000000000002,-2.5529077968865073,-0.17233498804448935,0.9972092375720665,-3.912023005428146,-2.570265291561112,-0.16540814357751066,0.9945638803304531
242,0.223549515625,0.700280375,0.95,0.1,50,0.3,2.500000000000002,-2.065878099390745,-0.16895331094249738,0.9975089599497176,-3.506557897319982,-2.335327790335825,0.02870133167908379,0.9963966231562429
243,0.244575515625,0.702315875,0.95,0.1,100,0.16,5.000000000000004,-3.768813482633262,0.37171036482656167,0.9984414630558106,-4.135166556742356,-3.7203295521388338,0.33611495431559135,0.9948286361599953
244,0.29308496875,0.6446879375,0.95,0.1,100,0.2,5.000000000000004,-3.4058365098983026,0.38002164031287533,0.9986808312679788,-3.912023005428146,-3.4098104223931904,0.3855525640435188,0.9977248780506315
245,0.38768665625,0.5267636875,0.95,0.1,100,0.3,5.000000000000004,-2.7714428156749746,0.3261849007249798,0.9993655471023386,-3.506557897319982,-2.8308456034375613,0.369413660612019,0.9972583286279769
246,0.28541346875,0.6601001875,0.95,0.1,120,0.16,6.000000000000005,-4.098073890895522,0.5174309132166705,0.9985221264512546,-4.135166556742356,-4.001049196738361,0.4531627306685493,0.994896578990677
247,0.3363705625,0.5996935,0.95,0.1,120,0.2,6.000000000000005,-3.6504775291197045,0.49604192081626564,0.9988983506610002,-3.912023005428146,-3.614391386633011,0.4754761824847656,0.9970929182269106
248,0.4328830625,0.479757375,0.95,0.1,120,0.3,6.000000000000005,-3.000140633109925,0.4349722228458786,0.9991713542780567,-3.506557897319982,-2.9515156973212044,0.4113341846052506,0.9972694659265106
249,0.387923875,0.554587375,0.95,0.1,180,0.16,9.000000000000007,-4.816106044967149,0.7629189373621222,0.9982112752900619,-4.135166556742356,-4.800306931659068,0.7427754916337796,0.9958385127260828
250,0.4422575625,0.49060809375,0.95,0.1,180,0.2,9.000000000000007,-4.292046338168435,0.7234720545473008,0.9990069403441925,-3.912023005428146,-4.260761423400236,0.6977931998436404,0.9970434813734493
251,0.5367979375,0.3725821875,0.95,0.1,180,0.3,9.000000000000007,-3.500721623932279,0.6187284161001081,0.9985201785627937,-3.506557897319982,-3.3556671495012083,0.5184874073300143,0.9976243938132769
252,0.41542696875,0.5264266875,0.95,0.1,200,0.16,10.000000000000009,-5.039015772628811,0.8239532750248056,0.9976589625243204,-4.135166556742356,-4.902415940172853,0.7484321652850547,0.9954112259279697
253,0.471035375,0.46108721875,0.95,0.1,200,0.2,10.000000000000009,-4.491804231069165,0.7788164100875585,0.9984389357879248,-3.912023005428146,-4.405372198630042,0.7325389210837984,0.9976064673953782
254,0.5630183125,0.3456824375,0.95,0.1,200,0.3,10.000000000000009,-3.636998893551489,0.6558995222721885,0.9983304038834312,-3.506557897319982,-3.4419005829877207,0.528551319863824,0.9981412918510912
255,0.110370171875,0.7557335625,0.95,0.5,50,0.16,2.500000000000002,-3.0350668599693957,-0.22608683388490797,0.9969105876411112,-2.5257286443082556,-2.9140975162618155,-0.3072877354027744,0.9922787548717105
256,0.130208328125,0.7036434375,0.95,0.5,50,0.2,2.500000000000002,-2.74090176825423,-0.2093232469147607,0.9973832909076139,-2.3025850929940455,-2.780342718202499,-0.19174514705721854,0.9954893411626246
257,0.170477828125,0.5829754375,0.95,0.5,50,0.3,2.500000000000002,-2.2843863819120878,-0.21398146971934848,0.9980806550371638,-1.8971199848858813,-2.5908778895965647,0.004261547921301238,0.9955662214203628
258,0.210608765625,0.6335708125,0.95,0.5,100,0.16,5.000000000000004,-4.01968071373603,0.35641771734995586,0.9986463559117479,-2.5257286443082556,-3.964104045991217,0.3198493250934162,0.9969804934630185
259,0.2446388125,0.56209775,0.95,0.5,100,0.2,5.000000000000004,-3.601038181561295,0.33127763635814444,0.9989923718113053,-2.3025850929940455,-3.575465780328661,0.31855230349551505,0.9976406705047343
260,0.3027729375,0.4168708125,0.95,0.5,100,0.3,5.000000000000004,-3.0356972270885323,0.2829086659879423,0.9993897868353154,-1.8971199848858813,-3.119611394267833,0.34249706208196123,0.99799667804714
261,0.24673328125,0.5911218125,0.95,0.5,120,0.16,6.000000000000005,-4.320903588774202,0.4858277312106936,0.9991182904796272,-2.5257286443082556,-4.248551910543317,0.4418572951056216,0.995535103861765
262,0.2837365,0.51589934375,0.95,0.5,120,0.2,6.000000000000005,-3.9180656075967417,0.4750983816311484,0.9991133159280121,-2.3025850929940455,-3.8689059887087556,0.44527096471902994,0.9978511938959882
263,0.342514875,0.37085640625,0.95,0.5,120,0.3,6.000000000000005,-3.3016399711976026,0.40281039393184775,0.9992158785419152,-1.8971199848858813,-3.2666102253167852,0.3900959346370006,0.998981641916421
264,0.33880240625,0.486938,0.95,0.5,180,0.16,9.000000000000007,-5.116346445319521,0.7509640144639407,0.9980748938485182,-2.5257286443082556,-4.984770318966527,0.6767844976415502,0.9944432696093276
265,0.376444,0.4110555625,0.95,0.5,180,0.2,9.000000000000007,-4.59062538883485,0.6959129716229959,0.9986717685920726,-2.3025850929940455,-4.620539580340139,0.7068332506991661,0.9955638709551725
266,0.432518875,0.27307471875,0.95,0.5,180,0.3,9.000000000000007,-3.8779059365938187,0.5936139404117614,0.998599478491935,-1.8971199848858813,-3.683801400064608,0.46704167438063554,0.9980272341058811
267,0.364183,0.45887125,0.95,0.5,200,0.16,10.000000000000009,-5.374356694246222,0.8181769074196807,0.9982460028498987,-2.5257286443082556,-5.211899192145587,0.7375383267519183,0.9943865008158105
268,0.40073496875,0.3844471875,0.95,0.5,200,0.2,10.000000000000009,-4.814101160981574,0.7549225300819515,0.998999348466747,-2.3025850929940455,-4.701498088689427,0.6942033396807861,0.996097092237665
269,0.45559509375,0.24959953125,0.95,0.5,200,0.3,10.000000000000009,-4.029310325010337,0.6302090256615158,0.9989502864182485,-1.8971199848858813,-3.792272165876106,0.4733822745648532,0.9986157335373302
270,0.0916975,0.682335625,0.95,1.0,50,0.16,2.500000000000002,-3.271610299293856,-0.26278472065244907,0.9978253041526598,-1.8325814637483102,-3.1730483056407484,-0.33469999502039294,0.9936280793412356
271,0.1037911484375,0.6174238125,0.95,1.0,50,0.2,2.500000000000002,-3.0120538172464477,-0.2424604412367351,0.998140138279333,-1.6094379124341003,-3.020032960650169,-0.23789829571584112,0.992827486525117
272,0.1281679453125,0.46945434375,0.95,1.0,50,0.3,2.500000000000002,-2.577500901819308,-0.252927071137792,0.9989774905282602,-1.2039728043259361,-2.8912118662053548,-0.01978678036891979,0.9976872558075534
273,0.17749265625,0.5599826875,0.95,1.0,100,0.16,5.000000000000004,-4.3020233199375575,0.32834032916810785,0.9987275661972255,-1.8325814637483102,-4.32070875177164,0.33458859632523547,0.9950378580131279
274,0.201316609375,0.4762885,0.95,1.0,100,0.2,5.000000000000004,-3.9118164891777805,0.30899001636384815,0.999259584556598,-1.6094379124341003,-3.9199264708916735,0.3103594978538282,0.9984383161096392
275,0.23440753125,0.3167898125,0.95,1.0,100,0.3,5.000000000000004,-3.3650434884627076,0.24171031760908238,0.9995122829400267,-1.2039728043259361,-3.459942049567861,0.30760991913129837,0.9980555885926482
276,0.20882746875,0.51866390625,0.95,1.0,120,0.16,6.000000000000005,-4.6463296111972685,0.47513400396239164,0.9988815903698725,-1.8325814637483102,-4.6076075738890125,0.44855451033024957,0.9973919294838749
277,0.23331415625,0.43395371875,0.95,1.0,120,0.2,6.000000000000005,-4.2342603399295085,0.44002402382460937,0.9992926601046065,-1.6094379124341003,-4.247816575678579,0.4514111077628626,0.9977789413539059
278,0.2675931875,0.2768470625,0.95,1.0,120,0.3,6.000000000000005,-3.642079231322266,0.3584435180528463,0.9992394279220264,-1.2039728043259361,-3.626535795380553,0.3499379394608555,0.9984420345112078
279,0.28901178125,0.4187833125,0.95,1.0,180,0.16,9.000000000000007,-5.472021907134609,0.7361079329377395,0.9984117709774514,-1.8325814637483102,-5.427902232660262,0.7070502231601752,0.996303641393109
280,0.31454471875,0.33474896875,0.95,1.0,180,0.2,9.000000000000007,-4.948915626216717,0.6688836466534861,0.9990942588890865,-1.6094379124341003,-4.948185620510921,0.6640750164519383,0.9978679508685631
281,0.3449100625,0.193438984375,0.95,1.0,180,0.3,9.000000000000007,-4.316078343283673,0.5698105472473001,0.9991317732348665,-1.2039728043259361,-4.1402152540113795,0.4512721733717448,0.9985152117645288
282,0.3128099375,0.391546125,0.95,1.0,200,0.16,10.000000000000009,-5.693321723750257,0.7849186519053426,0.9983142642531015,-1.8325814637483102,-5.610914647975358,0.7334583020479402,0.9960103293468661
283,0.337267375,0.30892028125,0.95,1.0,200,0.2,10.000000000000009,-5.197181877588141,0.731287142564761,0.9983814056769167,-1.6094379124341003,-5.137789873014035,0.7018816240303131,0.996837145133978
284,0.36508390625,0.174190828125,0.95,1.0,200,0.3,10.000000000000009,-4.492961338246893,0.6044566405947163,0.9986570146388157,-1.2039728043259361,-4.27781021761317,0.4599318339621305,0.998631213717011
285,0.0665055859375,0.5604011875,0.95,2.0,50,0.16,2.500000000000002,-3.760756313155434,-0.3177317362333824,0.9978913428738178,-1.1394342831883648,-3.7336801256685184,-0.3461410055573388,0.9952500911697122
286,0.071834375,0.478809,0.95,2.0,50,0.2,2.500000000000002,-3.497793299796085,-0.31667045166490315,0.9985857256986062,-0.916290731874155,-3.619781022665892,-0.2500320670867168,0.9966005486307158
287,0.0793636640625,0.314613,0.95,2.0,50,0.3,2.500000000000002,-3.094091369980589,-0.3493885097627621,0.9989589541210802,-0.5108256237659907,-3.4826851663732428,-0.061152870113900984,0.9980401897813606
288,0.1312644375,0.44343184375,0.95,2.0,100,0.16,5.000000000000004,-4.83897619351465,0.26951224816535124,0.9993775732116388,-1.1394342831883648,-4.877958116253558,0.2830659609906216,0.9959191471967237
289,0.14184353125,0.35245590625,0.95,2.0,100,0.2,5.000000000000004,-4.458406476569736,0.23326346044189325,0.9992579397335732,-0.916290731874155,-4.502257961543263,0.2583004396506486,0.9975975845712356
290,0.154097984375,0.19448278125,0.95,2.0,100,0.3,5.000000000000004,-3.9805966571221023,0.16302918404506733,0.9993549294162302,-0.5108256237659907,-4.0667306999465955,0.22547952354199516,0.9985164388138149
291,0.155392453125,0.40592246875,0.95,2.0,120,0.16,6.000000000000005,-5.198090061419936,0.4126279874195445,0.9985536965454265,-1.1394342831883648,-5.192543840805207,0.40357237117005407,0.9970922088429208
292,0.166474046875,0.315142375,0.95,2.0,120,0.2,6.000000000000005,-4.804032426802912,0.36806251159662273,0.9992442445607114,-0.916290731874155,-4.830982889629142,0.3810012474107023,0.9979485177132094
293,0.179442203125,0.16476878125,0.95,2.0,120,0.3,6.000000000000005,-4.326380480358337,0.2955736003326561,0.9994955336794449,-0.5108256237659907,-4.302059766656735,0.28251889146674763,0.9988563000467525
294,0.2196255,0.3154878125,0.95,2.0,180,0.16,9.000000000000007,-6.123537745198795,0.6888857505986049,0.998556201346531,-1.1394342831883648,-6.084211403616273,0.6671599994966146,0.9943801301721272
295,0.23146825,0.230575421875,0.95,2.0,180,0.2,9.000000000000007,-5.64939036167318,0.6195779041562438,0.9991683580649683,-0.916290731874155,-5.619015724447419,0.5947897736451336,0.997469506340707
296,0.242115359375,0.1056775625,0.95,2.0,180,0.3,9.000000000000007,-5.108284018688342,0.5157812373193582,0.9988464958851694,-0.5108256237659907,-4.86815204991429,0.34818679316256274,0.9978039439948879
297,0.238685015625,0.291778625,0.95,2.0,200,0.16,10.000000000000009,-6.401070898777002,0.7544623531321962,0.9982647188841285,-1.1394342831883648,-6.439051729558335,0.7792025711552285,0.9943053526165159
298,0.249601125,0.2100914375,0.95,2.0,200,0.2,10.000000000000009,-5.9022826549132,0.6772640666453923,0.999171213865347,-0.916290731874155,-5.842891290778741,0.634593465385569,0.9961277565502671
299,0.2599551875,0.0927322890625,0.95,2.0,200,0.3,10.000000000000009,-5.326587083885709,0.5591487308274264,0.9988217485248784,-0.5108256237659907,-4.988099883192924,0.3319408348620665,0.9985374640974304
